rank,prev_rank,name,league,off,def,spi
1,2,Bayern Munich,German Bundesliga,3.31,0.28,94.66
2,1,Manchester City,Barclays Premier League,3.09,0.25,94.11
3,3,Liverpool,Barclays Premier League,2.83,0.38,90.62
4,5,Barcelona,Spanish Primera Division,2.88,0.43,90.14
5,4,Paris Saint-Germain,French Ligue 1,2.92,0.52,89.11
6,6,Real Madrid,Spanish Primera Division,2.57,0.35,89.05
7,7,Manchester United,Barclays Premier League,2.43,0.4,86.83
8,10,Atletico Madrid,Spanish Primera Division,2.28,0.35,86.32
9,9,Chelsea,Barclays Premier League,2.51,0.53,85.04
10,12,Internazionale,Italy Serie A,2.51,0.57,84.34
11,11,Borussia Dortmund,German Bundesliga,2.41,0.53,84.12
12,8,RB Leipzig,German Bundesliga,2.43,0.55,83.94
13,16,Juventus,Italy Serie A,2.42,0.62,82.45
14,15,Leicester City,Barclays Premier League,2.12,0.53,80.34
15,19,FC Salzburg,Austrian T-Mobile Bundesliga,2.82,0.98,80.28
16,13,Sevilla FC,Spanish Primera Division,2.07,0.52,80.03
17,29,Arsenal,Barclays Premier League,2.18,0.62,79.17
18,14,Atalanta,Italy Serie A,2.3,0.71,79.1
19,22,Napoli,Italy Serie A,2.18,0.63,79.05
20,18,AC Milan,Italy Serie A,2.26,0.69,78.82
21,17,Wolverhampton,Barclays Premier League,1.92,0.49,78.54
22,20,Bayer Leverkusen,German Bundesliga,2.2,0.69,77.92
23,28,Tottenham Hotspur,Barclays Premier League,2.11,0.63,77.91
24,21,Borussia Monchengladbach,German Bundesliga,2.23,0.73,77.64
25,23,Zenit St Petersburg,Russian Premier Liga,2.11,0.65,77.6
26,24,Ajax,Dutch Eredivisie,2.43,0.89,76.95
27,25,Real Sociedad,Spanish Primera Division,1.97,0.61,76.22
28,34,Lyon,French Ligue 1,1.99,0.63,76.13
29,26,Villarreal,Spanish Primera Division,2.12,0.73,75.95
30,33,Olympiacos,Greek Super League,2.05,0.71,75.22
31,35,Benfica,Portuguese Liga,2.18,0.81,74.99
32,39,Everton,Barclays Premier League,1.94,0.65,74.96
33,36,FC Porto,Portuguese Liga,2.07,0.74,74.87
34,30,AS Roma,Italy Serie A,2.14,0.8,74.51
35,27,Getafe,Spanish Primera Division,1.76,0.56,74.01
36,31,Granada,Spanish Primera Division,1.85,0.67,72.92
37,37,TSG Hoffenheim,German Bundesliga,2.18,0.92,72.55
38,32,Southampton,Barclays Premier League,1.95,0.77,72.32
39,38,VfL Wolfsburg,German Bundesliga,1.95,0.77,72.25
40,41,Real Betis,Spanish Primera Division,1.92,0.76,71.9
41,44,Lazio,Italy Serie A,2.04,0.86,71.54
42,42,Shakhtar Donetsk,UEFA Europa League,2.2,0.98,71.49
43,43,Eintracht Frankfurt,German Bundesliga,2.04,0.91,70.56
44,53,Celta Vigo,Spanish Primera Division,1.75,0.72,69.96
45,59,Celtic,Scottish Premiership,2.17,1.04,69.93
46,52,Lille,French Ligue 1,1.73,0.7,69.85
47,48,Flamengo,Brasileiro Série A,1.94,0.87,69.75
48,54,Young Boys,Swiss Raiffeisen Super League,2.18,1.06,69.42
49,49,Osasuna,Spanish Primera Division,1.79,0.77,69.4
50,55,Fiorentina,Italy Serie A,1.83,0.81,69.23
51,46,Burnley,Barclays Premier League,1.78,0.77,69.08
52,50,West Ham United,Barclays Premier League,1.93,0.9,68.77
53,56,Brighton and Hove Albion,Barclays Premier League,1.79,0.8,68.46
54,45,Sheffield United,Barclays Premier League,1.71,0.75,68.43
55,67,Valencia,Spanish Primera Division,1.9,0.89,68.42
56,58,Crystal Palace,Barclays Premier League,1.71,0.76,68.03
57,64,Hertha Berlin,German Bundesliga,1.91,0.92,67.88
58,72,Athletic Bilbao,Spanish Primera Division,1.73,0.78,67.86
59,61,AS Monaco,French Ligue 1,1.95,0.96,67.61
60,57,Eibar,Spanish Primera Division,1.69,0.77,67.4
61,66,Stade Rennes,French Ligue 1,1.71,0.79,67.33
62,63,Dynamo Kiev,UEFA Europa League,1.97,1.01,67.02
63,65,Club Brugge,Belgian Jupiler League,1.86,0.92,66.89
64,70,CSKA Moscow,Russian Premier Liga,1.79,0.87,66.86
65,74,Marseille,French Ligue 1,1.76,0.86,66.58
66,73,Aston Villa,Barclays Premier League,1.78,0.87,66.48
67,88,Newcastle,Barclays Premier League,1.74,0.84,66.46
68,69,Palmeiras,Brasileiro Série A,1.64,0.78,65.93
69,80,Grêmio,Brasileiro Série A,1.69,0.83,65.92
70,78,Real Valladolid,Spanish Primera Division,1.6,0.76,65.77
71,79,Levante,Spanish Primera Division,1.88,0.99,65.77
72,75,River Plate,Argentina Primera Division,1.74,0.88,65.48
73,76,Dinamo Zagreb,UEFA Champions League,2.05,1.14,65.45
74,68,Sassuolo,Italy Serie A,1.89,1.03,65.1
75,81,Werder Bremen,German Bundesliga,1.8,0.96,64.82
76,77,SC Freiburg,German Bundesliga,1.87,1.03,64.7
77,82,Mainz,German Bundesliga,1.85,1.01,64.66
78,62,AFC Bournemouth,English League Championship,1.85,1.02,64.51
79,85,PSV,Dutch Eredivisie,1.96,1.1,64.47
80,51,Leeds United,Barclays Premier League,1.75,0.95,64.27
81,47,Watford,English League Championship,1.81,0.99,64.22
82,83,FC Cologne,German Bundesliga,1.86,1.05,63.8
83,302,SD Huesca,Spanish Primera Division,1.69,0.93,63.55
84,96,Alavés,Spanish Primera Division,1.62,0.86,63.46
85,84,FC Krasnodar,Russian Premier Liga,1.6,0.85,63.43
86,86,AZ,Dutch Eredivisie,1.85,1.07,63.21
87,87,Slavia Prague,UEFA Champions League,1.92,1.13,63.19
88,100,Kawasaki Frontale,Japanese J League,2.06,1.26,63.0
89,377,Cadiz,Spanish Primera Division,1.66,0.92,62.96
90,338,Elche,Spanish Primera Division,1.67,0.94,62.76
91,111,Schalke 04,German Bundesliga,1.7,0.98,62.39
92,91,Basel,Swiss Raiffeisen Super League,1.89,1.14,62.38
93,98,FC Augsburg,German Bundesliga,1.7,0.99,62.12
94,89,1. FC Union Berlin,German Bundesliga,1.68,0.98,62.03
95,140,Fulham,Barclays Premier League,1.65,0.96,61.96
96,60,Espanyol,Spanish Segunda Division,1.76,1.04,61.95
97,94,Guangzhou Evergrande,Chinese Super League,1.87,1.15,61.79
98,179,VfB Stuttgart,German Bundesliga,1.66,0.97,61.7
99,166,Norwich City,English League Championship,1.72,1.03,61.63
100,107,Montpellier,French Ligue 1,1.61,0.95,61.17
101,93,Udinese,Italy Serie A,1.58,0.93,61.05
102,71,Brentford,English League Championship,1.6,0.95,60.82
103,92,Sampdoria,Italy Serie A,1.72,1.06,60.79
104,90,Trabzonspor,Turkish Turkcell Super Lig,1.98,1.29,60.71
105,97,Bordeaux,French Ligue 1,1.47,0.85,60.65
106,113,Internacional,Brasileiro Série A,1.47,0.85,60.58
107,102,Braga,Portuguese Liga,1.75,1.1,60.5
108,104,PAOK Salonika,Greek Super League,1.46,0.85,60.44
109,105,Boca Juniors,Argentina Primera Division,1.47,0.87,60.25
110,99,West Bromwich Albion,Barclays Premier League,1.6,0.98,60.24
111,106,AEK Athens,Greek Super League,1.53,0.92,60.22
112,116,Angers,French Ligue 1,1.45,0.85,59.99
113,108,Sporting CP,Portuguese Liga,1.55,0.95,59.79
114,123,Rangers,Scottish Premiership,1.6,1.0,59.71
115,124,Besiktas,Turkish Turkcell Super Lig,1.82,1.2,59.63
116,103,Verona,Italy Serie A,1.63,1.03,59.51
117,253,Arminia Bielefeld,German Bundesliga,1.6,1.01,59.47
118,118,Bologna,Italy Serie A,1.66,1.07,59.32
119,114,Lokomotiv Moscow,Russian Premier Liga,1.48,0.91,59.21
120,110,Nantes,French Ligue 1,1.5,0.93,59.14
121,122,Torino,Italy Serie A,1.67,1.08,59.11
122,147,Lens,French Ligue 1,1.6,1.04,58.87
123,119,Ludogorets,UEFA Europa League,1.65,1.08,58.74
124,112,Spartak Moscow,Russian Premier Liga,1.53,0.99,58.45
125,125,Galatasaray,Turkish Turkcell Super Lig,1.77,1.2,58.42
126,120,Shanghai SIPG,Chinese Super League,1.69,1.13,58.37
127,101,FC Midtjylland,Danish SAS-Ligaen,1.72,1.17,58.36
128,121,Beijing Guoan,Chinese Super League,1.76,1.21,58.34
129,130,Feyenoord,Dutch Eredivisie,1.83,1.27,58.13
130,131,St Etienne,French Ligue 1,1.47,0.98,57.54
131,115,Nice,French Ligue 1,1.57,1.07,57.5
132,126,LASK Linz,Austrian T-Mobile Bundesliga,1.68,1.17,57.48
133,149,Cagliari,Italy Serie A,1.57,1.08,57.04
134,129,São Paulo,Brasileiro Série A,1.39,0.92,57.0
135,153,Bodo/Glimt,Norwegian Tippeligaen,2.2,1.67,56.99
136,146,Sporting de Charleroi,Belgian Jupiler League,1.53,1.05,56.95
137,139,Anderlecht,Belgian Jupiler League,1.61,1.13,56.76
138,132,Strasbourg,French Ligue 1,1.47,1.01,56.73
139,117,Istanbul Basaksehir,Turkish Turkcell Super Lig,1.64,1.17,56.71
140,136,Parma,Italy Serie A,1.68,1.2,56.69
141,135,Red Star Belgrade,UEFA Champions League,1.92,1.43,56.48
142,127,Reims,French Ligue 1,1.36,0.92,56.48
143,145,Atletico Mineiro,Brasileiro Série A,1.49,1.03,56.47
144,154,Brest,French Ligue 1,1.58,1.13,56.16
145,141,Apoel Nicosia,UEFA Europa League,1.55,1.11,56.09
146,128,FC Copenhagen,Danish SAS-Ligaen,1.66,1.21,56.03
147,138,Cruz Azul,Mexican Primera Division Torneo Apertura,1.61,1.16,56.02
148,142,Genoa,Italy Serie A,1.61,1.17,55.9
149,137,Nimes,French Ligue 1,1.58,1.15,55.55
150,134,Santos,Brasileiro Série A,1.43,1.02,55.51
151,148,Guimaraes,Portuguese Liga,1.49,1.08,55.29
152,160,Tigres UANL,Mexican Primera Division Torneo Apertura,1.5,1.1,55.04
153,157,Rapid Vienna,Austrian T-Mobile Bundesliga,1.74,1.33,54.9
154,151,Molde,Norwegian Tippeligaen,1.97,1.57,54.7
155,143,KAA Gent,Belgian Jupiler League,1.61,1.23,54.5
156,351,Benevento,Italy Serie A,1.49,1.11,54.44
157,155,Fenerbahce,Turkish Turkcell Super Lig,1.67,1.29,54.41
158,133,Monterrey,Mexican Primera Division Torneo Apertura,1.63,1.25,54.4
159,152,Ferencvaros,UEFA Europa League,1.59,1.22,54.14
160,168,Stoke City,English League Championship,1.47,1.11,54.1
161,159,Metz,French Ligue 1,1.36,1.01,54.02
162,144,Los Angeles FC,Major League Soccer,1.85,1.51,53.5
163,162,Rio Ave,Portuguese Liga,1.45,1.12,53.45
164,367,Crotone,Italy Serie A,1.46,1.13,53.39
165,163,Velez Sarsfield,Argentina Primera Division,1.22,0.9,53.34
166,156,Atlético Paranaense,Brasileiro Série A,1.23,0.91,53.31
167,393,Spezia,Italy Serie A,1.45,1.13,53.13
168,169,FK Partizan Belgrade,UEFA Europa League,1.51,1.21,52.7
169,158,Lorient,French Ligue 1,1.47,1.18,52.39
170,172,FK Qarabag,UEFA Europa League,1.44,1.16,52.29
171,171,León,Mexican Primera Division Torneo Apertura,1.47,1.2,52.1
172,165,Standard Liege,Belgian Jupiler League,1.41,1.14,52.05
173,150,Malmo FF,Swedish Allsvenskan,1.54,1.27,51.98
174,182,Sochi,Russian Premier Liga,1.34,1.08,51.83
175,173,Defensa y Justicia,Argentina Primera Division,1.28,1.02,51.81
176,109,Fortuna Düsseldorf,German 2. Bundesliga,1.59,1.34,51.51
177,180,Jiangsu Suning FC,Chinese Super League,1.5,1.26,51.28
178,178,Wolfsberger AC,Austrian T-Mobile Bundesliga,1.56,1.33,51.04
179,196,Alanyaspor,Turkish Turkcell Super Lig,1.49,1.26,50.92
180,167,Corinthians,Brasileiro Série A,1.35,1.12,50.89
181,183,CFR 1907 Cluj,UEFA Europa League,1.49,1.27,50.79
182,189,Swansea City,English League Championship,1.41,1.2,50.78
183,185,FC Astana,UEFA Europa League,1.54,1.33,50.65
184,194,Rubin Kazan,Russian Premier Liga,1.21,0.99,50.65
185,188,Fluminense,Brasileiro Série A,1.26,1.05,50.55
186,174,Dinamo Moscow,Russian Premier Liga,1.14,0.94,50.4
187,186,Santos Laguna,Mexican Primera Division Torneo Apertura,1.47,1.27,50.27
188,190,Rostov,Russian Premier Liga,1.27,1.08,49.98
189,164,Genk,Belgian Jupiler League,1.62,1.44,49.97
190,175,Cardiff City,English League Championship,1.38,1.2,49.96
191,187,Club América,Mexican Primera Division Torneo Apertura,1.52,1.34,49.89
192,192,Shandong Luneng,Chinese Super League,1.6,1.43,49.81
193,177,Dijon FCO,French Ligue 1,1.36,1.18,49.69
194,176,Vasco da Gama,Brasileiro Série A,1.31,1.14,49.66
195,193,CA Independiente,Argentina Primera Division,1.2,1.04,49.46
196,199,Pachuca,Mexican Primera Division Torneo Apertura,1.31,1.14,49.37
197,195,FC Utrecht,Dutch Eredivisie,1.6,1.45,49.25
198,201,Brondby,Danish SAS-Ligaen,1.46,1.32,48.81
199,197,Newell's Old Boys,Argentina Primera Division,1.24,1.11,48.58
200,200,Racing Club,Argentina Primera Division,1.18,1.06,48.4
201,203,St Gallen,Swiss Raiffeisen Super League,1.7,1.61,48.13
202,181,Millwall,English League Championship,1.31,1.21,47.97
203,218,Vitesse,Dutch Eredivisie,1.52,1.43,47.95
204,202,Blackburn,English League Championship,1.38,1.28,47.86
205,213,Guadalajara,Mexican Primera Division Torneo Apertura,1.3,1.2,47.86
206,236,Bristol City,English League Championship,1.4,1.31,47.77
207,212,AGF Aarhus,Danish SAS-Ligaen,1.51,1.43,47.74
208,210,Ceará,Brasileiro Série A,1.19,1.09,47.74
209,214,Antwerp,Belgian Jupiler League,1.35,1.27,47.67
210,209,Panathinaikos,Greek Super League,1.08,0.98,47.54
211,211,FC Arsenal Tula,Russian Premier Liga,1.32,1.24,47.51
212,191,Preston North End,English League Championship,1.22,1.14,47.46
213,216,Toronto FC,Major League Soccer,1.52,1.45,47.38
214,205,Rosenborg,Norwegian Tippeligaen,1.57,1.52,47.26
215,217,Fortaleza,Brasileiro Série A,1.16,1.08,47.24
216,297,Hamburg SV,German 2. Bundesliga,1.5,1.44,47.22
217,233,Middlesbrough,English League Championship,1.31,1.24,47.2
218,206,Pumas Unam,Mexican Primera Division Torneo Apertura,1.33,1.28,46.84
219,225,Huddersfield Town,English League Championship,1.27,1.22,46.61
220,229,Sheffield Wednesday,English League Championship,1.33,1.3,46.57
221,220,Santa Clara,Portuguese Liga,1.3,1.26,46.45
222,204,New York City FC,Major League Soccer,1.39,1.36,46.44
223,252,Seattle Sounders FC,Major League Soccer,1.49,1.47,46.43
224,215,Toulouse,French Ligue 2,1.42,1.4,46.13
225,222,Morelia,Mexican Primera Division Torneo Clausura,1.43,1.42,46.04
226,207,Bahía,Brasileiro Série A,1.24,1.22,45.99
227,208,Derby County,English League Championship,1.32,1.31,45.89
228,234,Bragantino,Brasileiro Série A,1.28,1.27,45.81
229,237,Nottingham Forest,English League Championship,1.27,1.27,45.72
230,257,Reading,English League Championship,1.29,1.28,45.72
231,227,PFC Oleksandriya,UEFA Europa League,1.33,1.33,45.69
232,228,Lanus,Argentina Primera Division,1.28,1.27,45.68
233,221,Philadelphia Union,Major League Soccer,1.42,1.42,45.68
234,235,Los Angeles Galaxy,Major League Soccer,1.62,1.65,45.54
235,224,Queens Park Rangers,English League Championship,1.41,1.43,45.5
236,280,Hannover 96,German 2. Bundesliga,1.4,1.42,45.42
237,231,Portimonense,Portuguese Liga,1.23,1.23,45.41
238,232,Famalicao,Portuguese Liga,1.31,1.32,45.33
239,198,Barnsley,English League Championship,1.22,1.24,45.02
240,219,Amiens,French Ligue 2,1.3,1.33,44.94
241,239,Talleres de Córdoba,Argentina Primera Division,1.21,1.23,44.82
242,250,Birmingham,English League Championship,1.32,1.36,44.82
243,256,Cerezo Osaka,Japanese J League,1.14,1.16,44.78
244,240,Slovan Bratislava,UEFA Europa League,1.26,1.3,44.65
245,241,Columbus Crew,Major League Soccer,1.22,1.26,44.57
246,260,Arizona United,United Soccer League,1.64,1.73,44.33
247,242,Gil Vicente,Portuguese Liga,1.23,1.29,44.28
248,223,Yokohama F. Marinos,Japanese J League,1.57,1.66,44.24
249,282,Atlético Goianiense,Brasileiro Série A,1.14,1.19,44.15
250,271,Heracles,Dutch Eredivisie,1.39,1.47,44.11
251,262,Ural Sverdlovsk Oblast,Russian Premier Liga,1.2,1.27,43.91
252,268,FC Tambov,Russian Premier Liga,1.22,1.29,43.88
253,243,Aris Salonika,Greek Super League,1.32,1.4,43.8
254,244,Pacos Ferreira,Portuguese Liga,1.26,1.34,43.8
255,245,FC Lugano,Swiss Raiffeisen Super League,1.3,1.38,43.78
256,230,Sivasspor,Turkish Turkcell Super Lig,1.31,1.4,43.71
257,246,FC Nordsjaelland,Danish SAS-Ligaen,1.42,1.53,43.65
258,247,Kashima Antlers,Japanese J League,1.32,1.41,43.61
259,255,Tondela,Portuguese Liga,1.2,1.3,43.25
260,270,Sport Recife,Brasileiro Série A,1.19,1.29,43.13
261,258,Moreirense,Portuguese Liga,1.23,1.34,43.02
262,261,IFK Norrkoping,Swedish Allsvenskan,1.57,1.73,42.96
263,259,Argentinos Juniors,Argentina Primera Division,1.0,1.08,42.87
264,251,Djurgardens IF,Swedish Allsvenskan,1.25,1.38,42.82
265,263,Rosario Central,Argentina Primera Division,1.15,1.27,42.73
266,279,Botafogo,Brasileiro Série A,1.18,1.3,42.69
267,294,Hammarby,Swedish Allsvenskan,1.54,1.7,42.64
268,249,Tijuana,Mexican Primera Division Torneo Apertura,1.2,1.32,42.63
269,265,Estudiantes,Argentina Primera Division,1.0,1.1,42.6
270,267,Inter Miami CF,Major League Soccer,1.23,1.36,42.58
271,264,AaB,Danish SAS-Ligaen,1.2,1.33,42.5
272,254,Terek Grozny,Russian Premier Liga,1.16,1.29,42.37
273,269,Maritimo,Portuguese Liga,1.14,1.26,42.31
274,248,FC Ufa,Russian Premier Liga,0.98,1.1,42.14
275,273,SC Farense,Portuguese Liga,1.25,1.41,41.89
276,291,Sporting Kansas City,Major League Soccer,1.37,1.55,41.87
277,288,Rayo Vallecano,Spanish Segunda Division,1.26,1.43,41.85
278,276,C.D. Nacional,Portuguese Liga,1.25,1.41,41.83
279,278,Arsenal Sarandi,Argentina Primera Division,1.28,1.45,41.78
280,293,Heerenveen,Dutch Eredivisie,1.43,1.63,41.69
281,281,Boavista,Portuguese Liga,1.08,1.23,41.62
282,274,FK Austria Vienna,Austrian T-Mobile Bundesliga,1.25,1.43,41.56
283,266,Willem II,Dutch Eredivisie,1.38,1.58,41.56
284,285,Servette,Swiss Raiffeisen Super League,1.38,1.58,41.48
285,275,Querétaro,Mexican Primera Division Torneo Apertura,1.19,1.37,41.45
286,286,Tianjin Teda,Chinese Super League,1.28,1.47,41.44
287,272,BK Hacken,Swedish Allsvenskan,1.22,1.4,41.32
288,289,Atlético Tucumán,Argentina Primera Division,1.07,1.24,41.23
289,284,FC Tokyo,Japanese J League,1.21,1.4,41.1
290,277,Kasimpasa,Turkish Turkcell Super Lig,1.33,1.55,41.06
291,323,Goztepe,Turkish Turkcell Super Lig,1.33,1.54,41.0
292,292,San Lorenzo,Argentina Primera Division,1.14,1.33,40.96
293,306,Girona FC,Spanish Segunda Division,1.09,1.27,40.88
294,295,FC Luzern,Swiss Raiffeisen Super League,1.27,1.49,40.78
295,287,Orlando City SC,Major League Soccer,1.32,1.55,40.76
296,40,Leganes,Spanish Segunda Division,1.15,1.36,40.72
297,283,FC Groningen,Dutch Eredivisie,1.09,1.29,40.67
298,290,Gazisehir Gaziantep,Turkish Turkcell Super Lig,1.25,1.48,40.57
299,95,Mallorca,Spanish Segunda Division,1.15,1.37,40.46
300,298,Patronato,Argentina Primera Division,1.2,1.43,40.35
301,299,Gimnasia La Plata,Argentina Primera Division,0.98,1.17,40.3
302,348,Hull City,English League One,1.29,1.54,40.28
303,304,Coritiba,Brasileiro Série A,1.07,1.29,39.99
304,303,Sparta,Dutch Eredivisie,1.32,1.59,39.89
305,161,SC Paderborn,German 2. Bundesliga,1.27,1.53,39.85
306,309,Chicago Fire,Major League Soccer,1.36,1.64,39.73
307,344,KV Kortrijk,Belgian Jupiler League,1.19,1.45,39.71
308,305,Banfield,Argentina Primera Division,0.98,1.2,39.66
309,296,Goiás,Brasileiro Série A,1.2,1.47,39.62
310,301,Atlanta United FC,Major League Soccer,1.2,1.47,39.53
311,322,Antalyaspor,Turkish Turkcell Super Lig,1.18,1.45,39.51
312,467,Coventry City,English League Championship,1.17,1.45,39.31
313,307,Necaxa,Mexican Primera Division Torneo Apertura,1.14,1.41,39.28
314,316,FC Juárez,Mexican Primera Division Torneo Apertura,1.12,1.39,39.24
315,352,Luton Town,English League Championship,1.13,1.4,39.21
316,437,Rotherham United,English League Championship,1.15,1.42,39.17
317,312,Union Santa Fe,Argentina Primera Division,1.0,1.25,39.16
318,390,Colorado Rapids,Major League Soccer,1.39,1.71,39.06
319,314,Asteras Tripolis,Greek Super League,1.04,1.3,39.02
320,317,Hartberg,Austrian T-Mobile Bundesliga,1.41,1.74,38.99
321,300,Minnesota United FC,Major League Soccer,1.31,1.63,38.98
322,315,Belenenses,Portuguese Liga,1.07,1.34,38.98
323,355,Odense BK,Danish SAS-Ligaen,1.22,1.52,38.86
324,319,Shanghai Greenland,Chinese Super League,1.34,1.68,38.68
325,320,Atlético San Luis,Mexican Primera Division Torneo Apertura,1.2,1.51,38.57
326,321,Henan Jianye,Chinese Super League,1.25,1.57,38.55
327,332,New England Revolution,Major League Soccer,1.24,1.56,38.43
328,341,Troyes,French Ligue 2,1.05,1.34,38.4
329,335,FC Dallas,Major League Soccer,1.25,1.59,38.27
330,324,Konyaspor,Turkish Turkcell Super Lig,1.16,1.49,38.26
331,369,Caen,French Ligue 2,1.1,1.41,38.25
332,331,Toluca,Mexican Primera Division Torneo Apertura,1.27,1.62,38.18
333,328,Hebei China Fortune FC,Chinese Super League,1.29,1.65,38.14
334,329,Mamelodi Sundowns,South African ABSA Premier League,0.98,1.26,38.09
335,334,SK Sturm Graz,Austrian T-Mobile Bundesliga,1.2,1.53,38.07
336,359,New York Red Bulls,Major League Soccer,1.23,1.58,38.06
337,308,KV Mechelen,Belgian Jupiler League,1.23,1.58,38.02
338,330,Almeria,Spanish Segunda Division,1.09,1.4,37.99
339,354,Vissel Kobe,Japanese J League,1.41,1.8,37.97
340,333,Huracán,Argentina Primera Division,0.95,1.24,37.93
341,357,Atlas,Mexican Primera Division Torneo Apertura,1.06,1.38,37.89
342,325,Houston Dynamo,Major League Soccer,1.29,1.66,37.84
343,529,Wycombe Wanderers,English League Championship,1.11,1.46,37.67
344,364,FC Twente,Dutch Eredivisie,1.21,1.58,37.65
345,336,Wuhan Zall,Chinese Super League,1.17,1.53,37.62
346,340,Sanfrecce Hiroshima,Japanese J League,1.07,1.41,37.55
347,313,SV Zulte Waregem,Belgian Jupiler League,1.25,1.63,37.52
348,318,FC Khimki,Russian Premier Liga,1.1,1.45,37.52
349,358,Kashiwa Reysol,Japanese J League,1.3,1.69,37.49
350,342,FC Sion,Swiss Raiffeisen Super League,1.1,1.45,37.48
351,345,FK Volgograd,Russian Premier Liga,1.07,1.42,37.32
352,337,Cashpoint SC Rheindorf Altach,Austrian T-Mobile Bundesliga,1.12,1.48,37.32
353,349,Atromitos,Greek Super League,1.0,1.33,37.25
354,353,Central Córdoba Santiago del Estero,Argentina Primera Division,1.0,1.34,37.16
355,362,Portland Timbers,Major League Soccer,1.43,1.86,37.15
356,389,Randers FC,Danish SAS-Ligaen,1.2,1.58,37.1
357,395,1. FC Nürnberg,German 2. Bundesliga,1.15,1.53,36.96
358,405,KFCO Beerschot-Wilrijk,Belgian Jupiler League,1.19,1.59,36.86
359,350,St. Truidense,Belgian Jupiler League,1.16,1.56,36.7
360,360,Dalian Aerbin,Chinese Super League,1.29,1.73,36.66
361,339,PEC Zwolle,Dutch Eredivisie,1.28,1.72,36.52
362,365,Kaizer Chiefs,South African ABSA Premier League,1.01,1.39,36.44
363,311,SV Sandhausen,German 2. Bundesliga,1.19,1.62,36.35
364,363,Las Palmas,Spanish Segunda Division,0.99,1.38,36.07
365,326,Mouscron-Peruwelz,Belgian Jupiler League,1.07,1.49,36.0
366,375,Tenerife,Spanish Segunda Division,1.0,1.39,36.0
367,368,Puebla,Mexican Primera Division Torneo Apertura,1.05,1.46,35.93
368,356,SV Darmstadt 98,German 2. Bundesliga,1.13,1.56,35.9
369,373,SV Ried,Austrian T-Mobile Bundesliga,1.16,1.6,35.88
370,399,Le Havre,French Ligue 2,1.0,1.41,35.75
371,343,Guingamp,French Ligue 2,1.14,1.59,35.69
372,346,Real Salt Lake,Major League Soccer,1.08,1.52,35.51
373,366,Nagoya Grampus Eight,Japanese J League,1.12,1.57,35.47
374,379,Fuenlabrada,Spanish Segunda Division,0.95,1.35,35.42
375,376,Melbourne City,Australian A-League,1.17,1.64,35.39
376,372,Caykur Rizespor,Turkish Turkcell Super Lig,1.15,1.62,35.38
377,384,IF Elfsborg,Swedish Allsvenskan,1.22,1.7,35.32
378,388,Sporting Gijón,Spanish Segunda Division,0.87,1.26,35.32
379,406,Hatayspor,Turkish Turkcell Super Lig,1.09,1.54,35.29
380,380,Sydney FC,Australian A-League,1.12,1.58,35.2
381,381,F91 Dudelange,UEFA Europa League,1.4,1.94,35.14
382,391,Holstein Kiel,German 2. Bundesliga,1.23,1.72,35.12
383,383,FC Zurich,Swiss Raiffeisen Super League,1.22,1.73,35.07
384,423,Sunderland,English League One,1.05,1.51,34.99
385,394,Clermont Foot,French Ligue 2,0.93,1.36,34.92
386,385,OFI Crete,Greek Super League,1.06,1.52,34.85
387,386,Chongqing Lifan,Chinese Super League,1.08,1.56,34.78
388,327,Gamba Osaka,Japanese J League,1.14,1.64,34.69
389,387,1. FC Heidenheim 1846,German 2. Bundesliga,1.04,1.53,34.37
390,361,Málaga,Spanish Segunda Division,0.8,1.22,34.35
391,392,Lausanne Sports,Swiss Raiffeisen Super League,1.08,1.58,34.28
392,396,Aberdeen,Scottish Premiership,0.98,1.45,34.27
393,421,Hibernian,Scottish Premiership,1.06,1.56,34.21
394,378,Kristiansund BK,Norwegian Tippeligaen,1.31,1.9,33.98
395,347,San Jose Earthquakes,Major League Soccer,1.29,1.87,33.98
396,425,VVV Venlo,Dutch Eredivisie,1.18,1.73,33.97
397,374,Odd BK,Norwegian Tippeligaen,1.18,1.74,33.76
398,400,Guangzhou RF,Chinese Super League,1.44,2.07,33.73
399,401,Orlando Pirates,South African ABSA Premier League,0.98,1.48,33.73
400,402,Aldosivi,Argentina Primera Division,0.86,1.33,33.63
401,409,OH Leuven,Belgian Jupiler League,1.06,1.59,33.6
402,370,Emmen,Dutch Eredivisie,1.22,1.8,33.58
403,435,Pittsburgh Riverhounds,United Soccer League,1.08,1.63,33.52
404,398,St. Pölten,Austrian T-Mobile Bundesliga,1.08,1.63,33.51
405,403,Tianjin Quanujian,Chinese Super League,1.16,1.73,33.51
406,418,Eupen,Belgian Jupiler League,1.04,1.58,33.34
407,436,Fatih Karagümrük,Turkish Turkcell Super Lig,1.04,1.59,33.26
408,413,Kayserispor,Turkish Turkcell Super Lig,1.13,1.7,33.12
409,441,VfL Bochum,German 2. Bundesliga,1.07,1.63,33.12
410,416,Real Zaragoza,Spanish Segunda Division,1.05,1.6,33.1
411,443,Viking FK,Norwegian Tippeligaen,1.31,1.96,32.94
412,382,Yeni Malatyaspor,Turkish Turkcell Super Lig,1.06,1.63,32.9
413,414,Valenciennes,French Ligue 2,0.88,1.4,32.82
414,408,AD Alcorcon,Spanish Segunda Division,0.94,1.48,32.67
415,407,Real Oviedo,Spanish Segunda Division,0.91,1.45,32.67
416,411,Shenzhen FC,Chinese Super League,1.19,1.81,32.64
417,431,Erzurumspor,Turkish Turkcell Super Lig,1.03,1.61,32.53
418,,Castellon,Spanish Segunda Division,1.03,1.63,32.21
419,434,Montreal Impact,Major League Soccer,1.09,1.72,32.16
420,397,ADO Den Haag,Dutch Eredivisie,1.14,1.79,32.06
421,417,AC Ajaccio,French Ligue 2,0.85,1.4,32.03
422,426,Urawa Red Diamonds,Japanese J League,1.16,1.82,31.97
423,412,Cercle Brugge,Belgian Jupiler League,1.02,1.63,31.95
424,419,Perth Glory,Australian A-League,1.09,1.72,31.9
425,459,Sonderjyske,Danish SAS-Ligaen,1.0,1.61,31.88
426,420,Newcastle Jets,Australian A-League,1.11,1.76,31.86
427,404,VfL Osnabruck,German 2. Bundesliga,1.07,1.71,31.73
428,415,Karlsruher SC,German 2. Bundesliga,1.05,1.69,31.72
429,,FC Cartagena,Spanish Segunda Division,0.98,1.59,31.61
430,424,SpVgg Greuther Fürth,German 2. Bundesliga,1.02,1.65,31.58
431,410,Genclerbirligi,Turkish Turkcell Super Lig,0.98,1.59,31.54
432,524,Ipswich Town,English League One,0.97,1.58,31.51
433,454,Paris FC,French Ligue 2,0.9,1.49,31.43
434,445,Nashville SC,Major League Soccer,0.93,1.54,31.35
435,422,Mirandes,Spanish Segunda Division,0.97,1.61,31.15
436,455,KV Oostende,Belgian Jupiler League,0.98,1.63,31.02
437,439,AIK,Swedish Allsvenskan,0.87,1.47,30.96
438,,CD Sabadell,Spanish Segunda Division,1.0,1.66,30.85
439,450,Reno 1868 FC,United Soccer League,1.22,1.96,30.78
440,438,Albacete,Spanish Segunda Division,0.82,1.42,30.71
441,430,San Antonio FC,United Soccer League,1.17,1.9,30.59
442,485,Valerenga,Norwegian Tippeligaen,1.07,1.78,30.55
443,427,Ankaragucu,Turkish Turkcell Super Lig,0.96,1.63,30.49
444,465,Grenoble,French Ligue 2,0.95,1.62,30.4
445,429,Fortuna Sittard,Dutch Eredivisie,1.07,1.78,30.38
446,,Logrones,Spanish Segunda Division,0.96,1.64,30.31
447,457,IK Sirius,Swedish Allsvenskan,1.16,1.92,30.21
448,446,FC Vaduz,Swiss Raiffeisen Super League,0.96,1.65,30.19
449,448,Wellington Phoenix,Australian A-League,1.1,1.83,30.17
450,451,Panetolikos,Greek Super League,0.86,1.51,30.07
451,452,Colon Santa Fe,Argentina Primera Division,0.83,1.48,29.95
452,440,Lugo,Spanish Segunda Division,0.88,1.55,29.82
453,458,Godoy Cruz,Argentina Primera Division,0.94,1.64,29.76
454,466,SuperSport United,South African ABSA Premier League,0.81,1.46,29.64
455,462,Vejle,Danish SAS-Ligaen,1.01,1.74,29.63
456,460,Jahn Regensburg,German 2. Bundesliga,1.04,1.8,29.52
457,449,FC Trenkwalder Admira,Austrian T-Mobile Bundesliga,1.0,1.74,29.44
458,468,Adelaide United,Australian A-League,1.22,2.05,29.37
459,475,Mazatlán FC,Mexican Primera Division Torneo Apertura,0.88,1.59,29.34
460,469,Sochaux,French Ligue 2,0.81,1.49,29.33
461,464,IFK Goteborg,Swedish Allsvenskan,0.98,1.73,29.27
462,432,Denizlispor,Turkish Turkcell Super Lig,0.93,1.66,29.11
463,444,DC United,Major League Soccer,0.93,1.67,29.07
464,463,Kilmarnock,Scottish Premiership,0.93,1.67,28.96
465,453,Auxerre,French Ligue 2,0.82,1.52,28.91
466,447,RKC,Dutch Eredivisie,1.03,1.82,28.9
467,473,Erzgebirge Aue,German 2. Bundesliga,0.94,1.69,28.82
468,489,FC St. Pauli,German 2. Bundesliga,0.99,1.77,28.78
469,472,Chievo Verona,Italy Serie B,0.85,1.58,28.59
470,461,Tampa Bay Rowdies,United Soccer League,0.89,1.64,28.5
471,474,Bidvest Wits,South African ABSA Premier League,0.74,1.44,28.42
472,494,Louisville City FC,United Soccer League,0.99,1.8,28.38
473,310,Charlton Athletic,English League One,0.94,1.74,28.2
474,476,Larissa,Greek Super League,0.7,1.38,28.18
475,371,Peterborough United,English League One,1.0,1.82,28.14
476,477,Frosinone,Italy Serie B,0.79,1.52,28.14
477,478,WSG Swarovski Wattens,Austrian T-Mobile Bundesliga,1.03,1.86,28.08
478,470,AS Nancy Lorraine,French Ligue 2,0.77,1.5,27.99
479,483,Stabaek,Norwegian Tippeligaen,0.96,1.78,27.93
480,456,AC Horsens,Danish SAS-Ligaen,0.92,1.74,27.62
481,480,Lamia,Greek Super League,0.55,1.18,27.53
482,493,SD Ponferradina,Spanish Segunda Division,0.82,1.6,27.52
483,481,Cittadella,Italy Serie B,0.88,1.69,27.49
484,482,Dunkerque,French Ligue 2,0.88,1.68,27.42
485,,Eintracht Braunschweig,German 2. Bundesliga,0.9,1.72,27.4
486,471,Consadole Sapporo,Japanese J League,1.04,1.93,27.34
487,490,Guizhou Renhe,Chinese Super League,0.94,1.82,26.81
488,491,Western Sydney FC,Australian A-League,1.07,2.0,26.8
489,428,Oxford United,English League One,0.9,1.76,26.8
490,517,Orebro SK,Swedish Allsvenskan,0.95,1.83,26.79
491,492,Melbourne Victory,Australian A-League,1.07,2.01,26.6
492,497,Western United,Australian A-League,1.02,1.96,26.35
493,505,Niort,French Ligue 2,0.83,1.69,26.19
494,499,Brisbane Roar,Australian A-League,0.91,1.81,26.16
495,501,Empoli,Italy Serie B,0.89,1.79,26.07
496,500,Lyngby,Danish SAS-Ligaen,0.84,1.72,25.99
497,496,Haugesund,Norwegian Tippeligaen,0.85,1.73,25.96
498,503,FC Xanthi,Greek Super League,0.58,1.33,25.81
499,498,Chateauroux,French Ligue 2,0.78,1.64,25.78
500,,Würzburger Kickers,German 2. Bundesliga,0.84,1.75,25.53
501,507,Waasland-Beveren,Belgian Jupiler League,1.0,1.99,25.51
502,508,Östersunds FK,Swedish Allsvenskan,0.73,1.59,25.48
503,495,Livingston,Scottish Premiership,0.86,1.79,25.34
504,487,Rodez,French Ligue 2,0.76,1.65,25.13
505,527,Stromsgodset,Norwegian Tippeligaen,1.12,2.2,24.89
506,506,Mjallby,Swedish Allsvenskan,0.95,1.96,24.83
507,521,Motherwell,Scottish Premiership,0.73,1.63,24.67
508,509,Indy Eleven,United Soccer League,0.79,1.73,24.63
509,512,Trapani,Italy Serie B,0.89,1.88,24.59
510,514,Cremonese,Italy Serie B,0.7,1.59,24.57
511,516,Salernitana,Italy Serie B,0.8,1.75,24.53
512,532,Sacramento Republic FC,United Soccer League,0.85,1.83,24.34
513,519,Black Aces,South African ABSA Premier League,0.81,1.78,24.28
514,520,Cosenza,Italy Serie B,0.81,1.78,24.24
515,170,Wigan,English League One,0.84,1.83,24.18
516,510,Chambly Thelle FC,French Ligue 2,0.77,1.73,24.14
517,523,Maritzburg Utd,South African ABSA Premier League,0.56,1.39,24.05
518,530,Varbergs BoIS FC,Swedish Allsvenskan,0.89,1.91,24.05
519,442,Portsmouth,English League One,0.76,1.71,24.04
520,545,Oita Trinita,Japanese J League,0.69,1.62,23.98
521,525,Virtus Entella,Italy Serie B,0.76,1.73,23.89
522,535,New Mexico United,United Soccer League,0.94,2.02,23.79
523,502,SK Brann,Norwegian Tippeligaen,0.83,1.84,23.76
524,539,FC Cincinnati,Major League Soccer,0.79,1.79,23.71
525,586,Salford City,English League Two,0.87,1.91,23.67
526,513,Fleetwood Town,English League One,0.81,1.82,23.66
527,543,Sagan Tosu,Japanese J League,0.68,1.63,23.54
528,484,Doncaster Rovers,English League One,0.76,1.77,23.39
529,518,Shimizu S-Pulse,Japanese J League,1.01,2.15,23.29
530,522,Pau,French Ligue 2,0.79,1.81,23.25
531,537,Helsingborgs IF,Swedish Allsvenskan,0.84,1.92,22.99
532,534,Pordenone Calcio,Italy Serie B,0.72,1.75,22.7
533,511,Orange County SC,United Soccer League,0.78,1.85,22.52
534,542,Sarpsborg,Norwegian Tippeligaen,0.71,1.75,22.42
535,536,Bloem Celtic,South African ABSA Premier League,0.8,1.9,22.37
536,538,F.B.C Unione Venezia,Italy Serie B,0.67,1.68,22.33
537,515,Vegalta Sendai,Japanese J League,0.76,1.83,22.3
538,540,US Pescara,Italy Serie B,0.69,1.74,22.08
539,533,St Johnstone,Scottish Premiership,0.64,1.66,22.05
540,528,Dundee Utd,Scottish Premiership,0.75,1.84,22.0
541,544,Panionios,Greek Super League,0.51,1.45,21.84
542,554,Swindon Town,English League One,0.81,1.94,21.79
543,563,Blackpool,English League One,0.72,1.83,21.33
544,548,Volos NFC,Greek Super League,0.65,1.73,21.22
545,546,Austin Bold FC,United Soccer League,0.96,2.24,21.21
546,556,Hamilton Academical,Scottish Premiership,0.72,1.86,21.08
547,541,Vancouver Whitecaps,Major League Soccer,0.85,2.07,21.06
548,553,Miami FC,United Soccer League,0.91,2.17,20.85
549,551,Pisa,Italy Serie B,0.68,1.8,20.84
550,564,Milton Keynes Dons,English League One,0.69,1.83,20.79
551,557,El Paso Locomotive FC,United Soccer League,0.71,1.87,20.68
552,555,Lincoln City,English League One,0.72,1.89,20.58
553,549,Burton Albion,English League One,0.81,2.07,20.24
554,531,Gillingham,English League One,0.63,1.77,20.18
555,559,Juve Stabia,Italy Serie B,0.76,2.03,19.68
556,565,Charleston Battery,United Soccer League,0.65,1.85,19.61
557,561,Perugia,Italy Serie B,0.62,1.8,19.52
558,550,Ross County,Scottish Premiership,0.7,1.94,19.5
559,547,St Mirren,Scottish Premiership,0.58,1.73,19.48
560,562,Ascoli,Italy Serie B,0.73,2.0,19.41
561,571,Shonan Bellmare,Japanese J League,0.7,1.95,19.32
562,552,Birmingham Legion FC,United Soccer League,0.75,2.03,19.28
563,568,Highlands Park FC,South African ABSA Premier League,0.57,1.75,18.95
564,579,Charlotte Independence,United Soccer League,0.8,2.18,18.59
565,558,Saint Louis FC,United Soccer League,0.67,1.99,18.32
566,577,Sandefjord,Norwegian Tippeligaen,0.68,2.0,18.3
567,590,Shrewsbury Town,English League One,0.58,1.82,18.17
568,569,Kalmar FF,Swedish Allsvenskan,0.67,2.01,18.09
569,582,Yokohama FC,Japanese J League,0.72,2.09,17.97
570,572,Real Monarchs SLC,United Soccer League,0.75,2.15,17.9
571,620,Bolton,English League Two,0.66,2.03,17.43
572,614,Oldham Athletic,English League Two,0.71,2.13,17.39
573,574,Central Coast Mariners,Australian A-League,0.78,2.26,17.34
574,576,Golden Arrows,South African ABSA Premier League,0.43,1.63,17.14
575,573,Accrington Stanley,English League One,0.63,2.01,17.11
576,570,Falkenbergs FF,Swedish Allsvenskan,0.7,2.13,17.01
577,593,San Diego Loyal SC,United Soccer League,0.54,1.85,16.94
578,578,IK Start,Norwegian Tippeligaen,0.63,2.03,16.93
579,580,North Carolina FC,United Soccer League,0.71,2.19,16.56
580,560,Plymouth Argyle,English League One,0.59,2.0,16.41
581,588,Colchester United,English League Two,0.56,1.96,16.23
582,596,Exeter City,English League Two,0.63,2.13,15.75
583,591,Bristol Rovers,English League One,0.55,1.99,15.57
584,584,Polokwane City FC,South African ABSA Premier League,0.47,1.84,15.52
585,575,LA Galaxy II,United Soccer League,0.75,2.39,15.35
586,583,Cheltenham Town,English League Two,0.5,1.94,15.12
587,581,Mjondalen,Norwegian Tippeligaen,0.57,2.08,15.11
588,585,Aalesund,Norwegian Tippeligaen,0.78,2.49,14.78
589,589,Rochdale,English League One,0.6,2.19,14.52
590,566,Northampton Town,English League One,0.56,2.12,14.27
591,592,Chippa United,South African ABSA Premier League,0.26,1.54,13.92
592,610,Mansfield Town,English League Two,0.57,2.19,13.8
593,587,AFC Wimbledon,English League One,0.5,2.05,13.77
594,595,AmaZulu,South African ABSA Premier League,0.31,1.68,13.48
595,594,Las Vegas Lights FC,United Soccer League,0.62,2.35,13.32
596,612,New York Red Bulls II,United Soccer League,0.67,2.45,13.15
597,621,Leyton Orient,English League Two,0.54,2.2,13.13
598,601,Tulsa Roughnecks,United Soccer League,0.53,2.19,13.04
599,607,Bradford City,English League Two,0.45,2.03,12.98
600,608,Portland Timbers 2,United Soccer League,0.81,2.74,12.98
601,611,Memphis 901 FC,United Soccer League,0.61,2.37,12.85
602,599,Baroka FC,South African ABSA Premier League,0.24,1.57,12.84
603,600,Livorno,Italy Serie B,0.49,2.15,12.81
604,567,Crewe Alexandra,English League One,0.46,2.12,12.41
605,604,Stellenbosch FC,South African ABSA Premier League,0.35,1.89,12.29
606,606,Port Vale,English League Two,0.43,2.08,12.2
607,602,Tranmere Rovers,English League Two,0.43,2.12,11.79
608,609,Black Leopards,South African ABSA Premier League,0.39,2.03,11.75
609,597,Hartford Athletic,United Soccer League,0.66,2.61,11.64
610,603,Colorado Springs Switchbacks FC,United Soccer League,0.53,2.35,11.56
611,613,Oklahoma City Energy FC,United Soccer League,0.44,2.17,11.52
612,598,Crawley Town,English League Two,0.43,2.18,11.34
613,615,Southend United,English League Two,0.48,2.29,11.24
614,,Barrow,English League Two,0.44,2.21,11.17
615,617,Scunthorpe,English League Two,0.46,2.26,11.11
616,605,Tacoma Defiance,United Soccer League,0.58,2.52,11.08
617,616,Swope Park Rangers,United Soccer League,0.57,2.52,11.02
618,618,Forest Green Rovers,English League Two,0.36,2.14,10.28
619,622,Grimsby Town,English League Two,0.4,2.22,10.26
620,631,Morecambe,English League Two,0.39,2.28,9.74
621,619,Walsall,English League Two,0.33,2.24,8.97
622,623,Atlanta United 2,United Soccer League,0.48,2.59,8.97
623,624,Loudoun United FC,United Soccer League,0.42,2.58,8.11
624,625,Rio Grande Valley FC Toros,United Soccer League,0.35,2.45,7.88
625,630,Stevenage,English League Two,0.24,2.21,7.61
626,627,Newport County,English League Two,0.2,2.17,7.12
627,626,Carlisle United,English League Two,0.27,2.38,6.98
628,629,Cambridge United,English League Two,0.21,2.28,6.71
629,,Harrogate Town,English League Two,0.2,2.37,6.06
630,632,Bethlehem Steel FC,United Soccer League,0.28,2.98,4.32
